成品代號,成品名稱
133AN001,原味蘇打餅20gX50小包X2袋(紅)
133AN001A,原味蘇打餅20gX50小包X2袋(黃)
133AN001B,原味蘇打餅20gX50小包X2袋(藍)
133AN002,原味蘇打餅152gX10盒
133AN003,原味營養餅168gX10盒
133AN004,迷你蘇打-鹽味120gX20包
133AN005,迷你營養餅120gX20包
133AU001,酵母覺醒-紫菜青蔥蘇打餅280gX10包
133AU003,酵母覺醒-紫菜青蔥蘇打餅260gX6包
133AU008,濃厚紫菜青蔥蘇打1525g/盒
133AU009,酵母覺醒-紫菜青蔥蘇打餅150gX10包
133BC001,黑芝麻蘇打餅20gX50小包X2袋(橙)
133BC001B,黑芝麻蘇打餅20gX50小包X2袋(白)
133BD001,海苔鹽迷你蘇打餅150gX10包
133BD002,海苔鹽迷你蘇打餅120gX20包
133BD004,海苔鹽蘇打餅(垂坤版)150gX50包
133BD005,盛香珍Mini蘇打-海苔鹽50gX10包X6組
133BN001,奶油起司酥餅280gX10包
133BN002,奶油起司酥餅150gX10包
133CJ001,酵母覺醒-蜜糖蘇打餅300gX10包
133DD001,濃厚青蔥迷你蘇打餅120gX20包
133DD002,盛香珍Mini蘇打-青蔥50gX10包X6組
133DD003,酵母覺醒-青蔥蘇打餅280gX10包
133DE001,酵母覺醒-胡椒蘇打餅280gX10包
133DE002,椒麻迷你蘇打餅150gX10包
133DE003,酵母覺醒-胡椒蘇打餅260gX6包
133DE004,椒麻迷你蘇打餅120gX20包
133DE005,酵母覺醒-胡椒蘇打餅150gX10包
133DE006,胡椒蘇打餅1525g/盒
133DE007,(魷魚遊戲2)迷你蘇打餅-胡椒120gX20包
433AU002,酵母覺醒-紫菜青蔥蘇打餅500gX5包
433BN002,奶油起司酥餅500gX5包
433DD001,迷你蘇打餅-青蔥1800gX2袋
918AU068B,(半)海苔鹽迷你蘇打餅120g(以包計)
119AA011,草莓風味捲心酥收納罐375gX12罐
119AC001,皇家威化捲-清香檸檬140gX10盒
119AD012,皇家威化捲-香濃巧克力140gX10盒
119AD016,純黑巧克力捲心酥禮盒480gX6盒
119AD018,捲心酥收納罐-純黑巧克力375gX12罐
119AD019,巧克力風味捲心酥140gX10盒
119AE001,爆漿大甲芋頭捲心酥135gX10盒
119AG006,咖啡捲心酥140gX10盒
119CZ003,Soma茶歐蕾捲心酥80gX12盒
319AD016,(王品)巧克力風味捲心酥70gX20包
319AH004,(台酒)紅麴捲心酥-牛奶400gX12罐
919AA006,(半)歐式午茶禮盒-草莓捲心酥(以包計)85g
106AD017,熔漿夾心曲奇-巧克力風味160gX12盒
106AD021A,法式熔漿巧克力風味夾心曲奇(2024年版)85gX10包
106AD022,(量)熔漿巧克力夾心曲奇85gX10包
106AE001,大甲芋頭酥夾心曲奇85gX10盒
106AN014A,斯娜普蛋酥(2020年版)30gX24包
106AN015,斯娜普蛋酥130gX12包
106AN016A,斯娜普蛋酥165gX10包
106AN017,午茶時間經典奶酥(蛋酥)(斯娜普)180gX10盒
106AN018,斯娜普蛋酥180gX20包(新包裝)
106AN027,濃厚生奶油曲奇80gX10包
106AN031,(量)鹽之花生奶油曲奇72gX10包
106AN032,濃厚楓糖生奶油曲奇80gX10包
106AU008,(量)職人系X靜岡抹茶白巧克力風味夾心曲奇75gX10包
106BN009,皇家奶油曲奇110gX12盒
106BN013,杏仁奶油曲奇85gX10包
106BN015,(量)奶油乳酪風味夾心曲奇85gX10包
106CD002,鹹蛋黃流沙曲奇85gX10盒
106CD004,鹹蛋黃流沙曲奇170gX12盒
306AD003,(三合利)黑餅乾5kg/箱
325AN004,(三合利)白餅乾5kg/箱
406AN001B,斯娜普蛋酥500gX5包
906AD002,(半)巧克力餅坊-杏仁酥餅(巧克力口味)
906AD006,(半)午茶禮盒-(真好禮)巧克力奶酥
906AD007,(半)歐式午茶禮盒-巧克力脆餅
906AD009,(半)真好禮法式經典綜合餅乾禮盒-巧克力脆餅
906AD011,(半)酥餅總匯-巧克力奶酥(黑皮;kg計)
906AN001,(半)真好禮法式經典綜合餅乾禮盒-經典奶酥
906AN004,(半)酥餅總匯-斯娜普
906AU004,(半)曲奇范特西禮物盒-皇家奶油曲奇110g(以盒計)
906AU004A,(半)曲奇范特西禮物盒-鹹蛋黃流沙曲奇170g(以盒計)
918AU068A,(半)斯娜普蛋酥180g(以包計)
125AC002,蜂蜜檸檬蝴蝶派125gX12盒
125AD002,可可蝴蝶酥85gX10包
125AN006,蝴蝶派150gX12盒
125AN007,蝴蝶派100gX12盒
125AN008,蝴蝶派400gX8盒
125AN010A,蝴蝶派400gX5包
125AN013A,法式奶油千層酥100gX10盒
125AN020,蜂蜜蝴蝶酥204gX12盒
125AN024,法式鹽之花奶油蝴蝶酥85gX10包
125AN028,起司千層酥100gX10盒
125AN032,法式鹽之花奶油蝴蝶酥禮盒408gX6盒
125AN034A,(量)蜂蜜千層酥(2025年版)76gX10包
125AN035A,(量)奶油煉乳蝴蝶酥(2025年版)85gX10包
125AN040,(量)生奶油千層酥76gX10包
125CJ009,法式焦糖奶油千層酥76gX10包
125CJ010,法式焦糖烤布蕾蝴蝶酥85gX10包
125CJ012,(量)法式焦糖烤布蕾蝴蝶酥85gX10包
125CY004,海鹽焦糖千層酥100gX10盒
906AU004B,(半)曲奇范特西禮物盒-蜂蜜蝴蝶酥204g(以盒計)
918AU065B,(半)春之頌經典餅乾禮盒-法式蜂蜜奶油千層酥(以kg計)
918AU065E,(半)春之頌經典餅乾禮盒-蝴蝶派(以kg計)
925AN039A,(半)法式經典千層蝴蝶酥禮盒-蜂蜜千層酥(以kg計)
925AN039B,(半)法式經典千層蝴蝶酥禮盒-楓糖奶油千層酥(以kg計)
925AN039C,(半)法式經典千層蝴蝶酥禮盒-法式鹽之花奶油蝴蝶酥(以kg計)
925AN039D,(半)法式經典千層蝴蝶酥禮盒-焦糖烤布蕾蝴蝶酥(以kg計)
104AB012C,花生煎餅(2023年版)210gX10盒
104AB016B,花生煎餅155gX10包
104AB017,花生煎餅35gX24包
104AB022,(魷魚遊戲2)花生煎餅140gX10包
104AB023,手製丸燒-花生口味125gX10包
104BC003A,芝麻煎餅(2022年版)210gX10盒
104BD009B,綠藻煎餅(2023年版)210gX10盒
104BD011B,綠藻煎餅155gX10包
104BD012,海苔煎餅35gX24包
104BD014,手製丸燒-海苔口味125gX10包
104CU001,杏仁煎餅140gX10包
104CU002A,杏仁煎餅(2023年版)185gX10盒
104DD001,宜蘭三星蔥風味煎餅105gX10包
304BD001,(品銓)綠藻煎餅 3kg/箱
404AB001B,花生煎餅500gX5包
904AB005,(半)午茶禮盒-(真好禮)手製煎餅-花生
904AB007,(半)歐式午茶禮盒-花生煎餅
904AN003,(半)酥餅總匯-花生煎餅
918AU065A,(半)春之頌經典餅乾禮盒-芝麻煎餅(以kg計)
105AA013,(量)草莓厚捲燒100gX10包
105AA012,醇厚草莓捲180gX10盒
105AB008,濃厚花生脆捲140gX10包
105AD008,濃厚巧克力風味脆捲140gX10包
105AD011,醇厚72%純黑巧克力捲180gX10盒
105AE004,濃厚芋頭牛奶脆捲140gX10包
105AG010,拿鐵咖啡脆捲210gX10盒
105AG013A,捲心脆捲-咖啡口味165gX10包
105AG014,NC摩卡咖啡脆捲1000g單盒裝
105AU014,(量)芭樂檸檬厚捲燒94gX10包
405AE005,濃厚芋頭牛奶脆捲500gX5包
405AE006,濃厚芋頭牛奶脆捲(減糖版)3kgX2包
405AG001C,咖啡脆捲500gX5包
805AGKR003,(外)NC捲心脆捲-咖啡(韓文版)180g X 12包入
905AE001,(半)歐式午茶禮盒-香芋脆捲
905AG002,(半)酥餅總匯-咖啡捲
905AG003,(半)榚餅舖禮盒-拿鐵咖啡脆捲
905AG005,(半)午茶禮盒-(真好禮)拿鐵咖啡脆捲
905AG007,(半)真好禮法式經典綜合餅乾禮盒-咖啡脆捲
905AJ001,(半)巧克力餅坊-榛果脆卷(長支)
905AJ002,(半)米奇巧克力餅坊-榛果脆卷(短支)
905AJ003,(半)歐式午茶禮盒-榛果巧克力脆捲
905AJ005,(半)真好禮法式經典綜合餅乾禮盒-榛果巧克力脆捲
905AJ015,(半)迪士尼收納罐-榛果巧克力脆捲(以kg計)
905AU009A,(半)濃厚花生脆捲112.5g(以包計)
905AU009B,(半)濃厚芋頭牛奶脆捲112.5g(以包計)
918AU065C,(半)春之頌經典餅乾禮盒-濃厚花生脆捲(以kg計)
107AA005A,法國酥-草莓128gX10包
107AA007,濃厚草莓法國酥110gX10包
107AA008,濃厚草莓法國酥168gX10盒
107AA016,濃草莓薄燒(全家版)100gX10包
107AA017A,極濃草莓薄燒(2025年版)88gX10包
107AA018,極濃草莓薄燒100gX10包
107AA019,(量)濃草莓薄燒(增值加量版)110gX10包
107AB004,極濃花生薄燒88gX10包
107AD002A,歐式午茶法國薄酥-巧克力128gX10包
107AD005,濃厚巧克力風味法國酥(立袋)110gX10包
107AD009,濃厚巧克力風味法國酥168gX10盒
107AD011,濃巧克力風味薄燒(全家版)100gX10包
107AE001A,大甲芋頭薄燒(2023年版)88gX10包
107AE004,(量)大甲芋頭薄燒88gX10包
107AG004,法國酥-維也納咖啡180gX10盒
107AT001,台南愛文芒果薄燒100gX10包
107AU011,法式鹽之花榛果可可法國酥100gX10包
107BX002,濃厚哈密瓜法國酥168gX10盒
107BX003A,夕張哈密瓜風味薄燒88gX10包
107CZ001,濃厚靜岡抹茶法國酥100gX10包
107CZ004,SOMA茶歐蕾法國酥88gX10包
107CZ008,SOMA烏龍茶歐蕾法國酥100gX10包
307AA011,(納智捷)草莓法國酥2.75kg(1.375kgX2包)
307AG006,(NISSAN)法式薄餅-維也納咖啡口味1.5kgX2包
407AA001B,法國酥-草莓500gX5包(共用紙箱)
407AG001B,法國酥-維也納咖啡500gX5包(共用紙箱)
807AA015,(外)濃草莓薄燒(韓文版)100gX10包
807AD007,(外)濃巧克力風味薄燒(韓文版)100gX10包
907AA002,(半)巧克力餅坊-法國酥草苺巧克力
907AA009,(半)午茶禮盒-(真好禮)草莓法國酥(白皮)
907AA012,(半)真好禮法式經典綜合餅乾禮盒-草莓法國薄酥
907AB001,(半)酥餅總匯-法國酥花生
907AG002,(半)歐式午茶禮盒-維也納咖啡法國酥
907AU012A,(半)濃厚雙味法國酥禮盒-茶歐蕾(以kg計)
907AU012B,(半)濃厚雙味法國酥禮盒-巧克力(以kg計)
918AU065D,(半)春之頌經典餅乾禮盒-濃厚巧克力法國酥(以kg計)
105AJ001A,米奇榛果巧克力脆捲桶140gX6桶
105AJ018,奇奇蒂蒂收納罐2入餅乾組260gX6盒
105AU009,醇韻雙味脆捲禮盒450gX6盒
106AU004,曲奇范特西禮物盒484gX6盒
107AU012,濃厚雙味法國酥禮盒380gX8盒
107AU013,濃厚雙味法國酥380gX2盒
118AU002A,糕餅舖禮盒-綜合(2018年版)520gX6盒
118AU007A,酥餅總匯量販盒-綜合(2018年版)210gX10盒
118AU017A,真好禮-盛香珍綜合午茶餅乾禮盒610gX6盒(2024年版)
118AU018,TRIKO真好禮巧克力餅坊-綜合570gX6盒(2012年版)
118AU019,歐式午茶禮盒-綜合580gX6盒
118AU023,真好禮法式經典綜合餅乾禮盒320gX6盒
118AU043A,(福利熊)酥餅總匯-綜合(2018年版)300gX10包
118AU065,春之頌綜合餅乾禮盒575gX6盒
125AN039,法式經典千層蝴蝶酥禮盒411gX6盒
134AU003,雙味微笑河馬餅禮盒520gX6盒
818AU006,(外)TRIKO巧克力餅坊-綜合570gX6盒
319AU001,(台酒)紅麴捲心酥禮盒-綜合800gX8盒
319AU001-AH,(半)(台酒)紅麴捲心酥禮盒-牛奶400gX8盒
319AU001-AD,(半)(台酒)紅麴捲心酥禮盒-巧克力400gX8盒
319AU004,(台酒)紅麴捲心酥禮盒(日式抹茶/清新檸檬)800gX8盒
319AU004-CZ,(半)台酒紅麴捲心酥禮盒(日式抹茶)400GX8盒
319AU004-AC,(半)台酒紅麴捲心酥禮盒(清新檸檬)400GX8盒
125AN016,法式奶油千層酥禮盒510gX6盒
925AN003,(半)法式奶油千層酥85g/包
104AU004A,"手製煎餅綜合禮盒(花生+綠藻,2023年版)470gX6盒"
904AU004AA,(半)手製煎餅禮盒-花生78.33g(以包計)
904AU004AB,(半)手製煎餅禮盒-綠藻78.33g(以包計)
104AU007,手燒煎餅禮盒(花生+綠藻)470gX6盒
904AU007A,(半)手燒煎餅禮盒-花生78.33g(以包計)
904AU007B,(半)手燒煎餅禮盒-綠藻78.33g(以包計)
805AU009,(外)捲心餅禮盒-咖啡+榛果巧克力700gX6罐
805AU009-AG,(半)捲心餅禮盒-咖啡350G*6罐  
805AU009-AJ,(半)捲心餅禮盒-榛果巧克力350G*6罐
107AU002,法國酥禮盒-綜合450gX6盒
107AU003,HelloKitty法國薄酥禮盒-綜合450gX6盒
807AU004,(外)HelloKitty法國薄酥禮盒(TRIKO版)-綜合450gX6盒
807AU009A,(外)法國酥禮盒(ATTI年節版)-綜合450gX6盒
807AU009B,(外)法國酥禮盒(ATTI版)-綜合450gX6盒
907AA007,(半)法國酥禮盒-草苺75g(以包計)
907AG001,(半)法國酥禮盒-咖啡75g(以包計)
807AU001,(外)法國酥禮盒-綜合 700g X 6罐入
807AU001-AA,(半)法國酥禮盒-草莓 350g X 6罐入
807AU001-BK,(半)法國酥禮盒-桔子 700g X 6罐入
934AN001,(半)微笑河馬餅-空餅(以kg計)
134AD001,微笑河馬餅-巧克力風味60gX12包
134AD005,微笑河馬餅-純黑巧克力風味84gX12包
134AH001,微笑河馬餅-牛奶風味60gX12包
134AU001,微笑河馬餅-草莓巧克力風味60gX12包
134BG001,微笑河馬餅-奶茶風味84gX12包
834AD004,(外)微笑河馬餅-巧克力風味(歐盟版)60gX12包
834AU004,(外)微笑河馬餅-草莓巧克力風味(歐盟版)60gX12包
934AU007C,(半)微笑河馬餅-巧克力20g/小包(以kg計)
934AU007D,(半)微笑河馬餅-草莓巧克力20g/小包(以kg計)
934BU001,(半)微笑河馬餅-莓果風味20g/小包(以kg計)
934CZ001,(半)微笑河馬餅-茶歐蕾風味20g/小包(以kg計)
934AU007E,(半)微笑河馬餅-巧克力(節貨)20g/小包(以kg計)
934AU007F,(半)微笑河馬餅-草莓巧克力(節貨)20g/小包(以kg計)
134AD002,微笑河馬餅-巧克力風味200gX10包
134AU002,微笑河馬餅-草莓巧克力風味200gX10包
134BU001,(量)微笑河馬餅莓果風味100gX10包
134CZ001,(量)微笑河馬餅茶歐蕾風味100gX10包
129AA001,蒟蒻習慣-草莓蒟蒻180gX6包X6盒
129AA002,(魷魚遊戲2)蒟蒻習慣-草莓口味180gX6包X6盒
129AC001,低卡檸檬愛玉風味180gX6包X4組
129AG001,低卡咖啡凍-180gX6包X4盒
129AR001,EnergyTime活力充沛(荔枝口味)180gX6包X4組
129AR002,零卡蒟蒻(荔枝風味)180gX6包X4盒
129AR003,EnergyTime機能凍飲GABA PLUS(荔枝口味)180gX6包X4組
129AT001,低卡芒果布丁180gX6包X4組
129AU003,EnergyTime機能凍飲元氣PLUS-180gX6包X4盒
129AU004,EnergyTime機能凍飲電解質PLUS-180gX6包X4盒
129AU006,低卡蜂蜜仙草-180gX6包X4盒
129AY001,蒟蒻習慣-葡萄蒟蒻180gX6包X6盒
129AY002,EnergyTime活力充沛(白葡萄口味)180gX6包X4組
129AY002A,EnergyTime機能凍飲Vitamin PLUS(白葡萄口味)180gX6包X4盒
129AY003,零卡蒟蒻(巨峰葡萄風味)180gX6包X4盒
129BM001,EnergyTime益生菌(乳酸口味)180gX6包X4組
129BQ001,EnergyTime益生菌(蘋果口味)180gX6包X4組
129BU001,EnergyTime晶亮有神(綜合莓果口味)180gX6包X4組
129CE001,蒟蒻習慣-白桃蒟蒻180gX6包X6盒
329AU001,綜合胺基酸活力果凍1200g/盒
329AU002,綜合胺基酸活力果凍100gX12包/盒
329AW001,爭鮮蜜桃姬膠原蛋白凍飲180gX6包X6組
829AY001,(外)蒟蒻習慣-葡萄蒟蒻180gX6包X6盒
829CE001,(外)蒟蒻習慣-白桃蒟蒻180gX6包X6盒
102AU012,水果多果實180gX6粒X4組
102AU012A,水果多果實(網路貼標版)180gX6粒X4組
102AU013,綜合鮮果凍180gX6粒X4組
102AU016,蘋果鳳梨多果實180gX6粒X4組
102AY009,零卡果凍-白葡萄180gX6粒X4組
102AY009A,零卡果凍-白葡萄口味(2025年版)180gX6粒X4組
102AY014,葡萄多果實180gX6粒X4組
102AY014A,葡萄多果實(網路貼標版)180gX6粒X4組
102BA010,橘瓣鮮果凍(2014版)180gX6粒X4組
102BA012,蜜柑多果實(無價格標)180gX6粒X4組
102BA012A,蜜柑多果實(網路貼標版)180gX6粒X4組
102CE008,白桃多果實180gX6粒X4組
102CE008B,白桃多果實(網路貼標版)180gX6粒X4組
114AA006,優酪果園-草莓 180g X 6粒 X 4組入
302AT004A,(爭鮮)布丁-芒果(新配方)110gX12粒X4組
302AT007,(爭鮮)布丁-芒果110gX3粒X16條
302AX002,(味全)愛玉凍130gX10粒X4組
702AA008,(外)KOALA純果凍-草莓130gX8粒X3組
702AA009,(外)KOALA零卡果凍-草莓130gX8粒X3組
702AT006,(外)KOALA純果凍-芒果130gX8粒X3組
702AW003,(外)KOALA零卡果凍-水蜜桃130gX8粒X3組
702AX007,(外)KOALA零卡果凍-百香果130gX8粒X3組
702AZ007,(外)KOALA純果凍-鳳梨130gX8粒X3組
702BE006,(外)KOALA純果凍-椰子130gX8粒X3組
702BF006,(外)KOALA純果凍-香蕉130gX8粒X3組
702BW006,(外)KOALA純果凍-西瓜130gX8粒X3組
802AU006,(外)水果多果實180gX6粒X4組
802AY008,(外)葡萄多果實180gX6粒X4組
802BA006,(外)蜜柑多果實180gX6粒X4組
802CE002,(外)白桃多果實180gX6粒X4組
102AU013A,綜合鮮果凍(2025年版)180gX6粒X4組
127AR001,零卡寒天果凍-荔枝風味240gX6粒X4組
127AU002,大果實綜合果凍240gX6粒X4組
127AU002A,大果實綜合果凍(2025年版)240gX6粒X4組
127AU007,霸果實綜合鮮果凍300gX6粒X4組
127AU007A,霸果實綜合鮮果凍(網路貼標版)300gX6粒X4組
127AU007B,霸果實綜合鮮果凍(2025年版)300gX6粒X4組
127AU012,零卡果凍-芭樂柳橙風味240gX6粒X4組
127AU013,SOMA蜜桃菁茶鮮果凍240gX6粒X4組
127AU016,SOMA荔枝烏龍鮮果凍240gX6粒X4組
127AV001,零卡果凍-熱帶水果風味240gX6粒X4組
127AY003,大果實葡萄果凍240gX6粒X4組
127AY004A,巨峰葡萄鮮果凍(2025年版)300gX6粒X4組
127AY005,零卡寒天果凍-白葡萄風味240gX6粒X4組
127AY006,霸果實白葡萄果凍300gX6粒X4組
127AY006A,霸果實白葡萄果凍(網路貼標版)300gX6粒X4組
127BA002,大果實蜜柑果凍240gX6粒X4組
127BA003,霸果實蜜柑鮮果凍300gX6粒X4組
127BA003B,霸果實蜜柑鮮果凍(網路貼標版)300gX6粒X4組
127BA006,帝王蜜柑鮮果凍300gX6粒X4組
127BA006A,帝王蜜柑鮮果凍(2025年版)300gX6粒X4組
127BA010,寒天雙層凍(蜜柑+優格)240gX6粒X4組
127BA011,原之果實蜜柑鮮果凍300gX6粒X4組
127CE001,大果實白桃果凍240gX6粒X4組
127CE002,霸果實白桃鮮果凍300gX6粒X4組
127CE002B,霸果實白桃鮮果凍(網路貼標版)300gX6粒X4組
127CE005,完熟白桃鮮果凍300gX6粒X4組
127CE005A,完熟白桃鮮果凍(2025年版)300gX6粒X4組
127CE006,甜潤白桃鮮果凍300gX10粒(單盒裝)
127CE007,原之果實白桃鮮果凍300gX6粒X4組
127CG001,春水良品鮮柚茶凍300gX6粒X4組
127CQ001,原之果實小番茄鮮果凍300gX6粒X4組
927AU014A,(半)霸果實禮盒-帝王蜜柑300g(以粒計)
927AU014B,(半)霸果實禮盒-完熟白桃300g(以粒計)
927AU015A,(半)霸果實每日鮮果凍禮盒-霸果實蜜柑300g(以粒計)
927AU015B,(半)霸果實每日鮮果凍禮盒-霸果實綜合300g(以粒計)
927AU015C,(半)霸果實每日鮮果凍禮盒-霸果實白葡萄300g(以粒計)
128AR001,貴妃荔枝珍珠凍飲275gX12杯
828AC001,(外)蘆薈凍飲-蜂蜜檸檬285gX12杯
828CG001,(外)蘆薈凍飲-葡萄柚285gX12杯
827AU007,(外)霸果實綜合鮮果凍300gX6粒X4組
827AY002,(外)大果實葡萄果凍240gX6粒X4組
827BA001,(外)大果實蜜柑果凍240gX6粒X4組
827BA003,(外)霸果實蜜柑鮮果凍300gX6粒X4組
827CE002A,(外)霸果實白桃鮮果凍300gX6粒X4組
926AA001,(半)DR.Q草莓蒟蒻19g/小包
926AA002,(半)DR.Q草莓蒟蒻(大陸簡體版)19g/小包
926AA004,(半)DR.Q果汁果凍-草莓(韓文)60g/小包
926AA005,(半)史努比草莓蒟蒻19g/小包(174mm)
926AP001,(半)DR.Q茶蒟蒻-多多綠茶19g/小包
926AP001A,(半)DR.Q優多綠茶蒟蒻19g/小包
926AR001,(半)DR.Q荔枝蒟蒻19g/小包
926AR001A,(半)DR.Q荔枝蒟蒻19g/小包(174mm)
926AR002,(半)DR.Q荔枝蒟蒻(大陸簡體版)19g/小包
926AR006,(半)DR.Q果汁果凍-荔枝(韓文)60g/小包
926AR007,(半)OPEN！荔枝蒟蒻19g/小包(174mm)
926AR008,(半)DR.Q荔枝蒟蒻(哆啦A夢版)19g/小包
926AT002,(半)DR.Q芒果蒟蒻(大陸簡體版)19g/小包
926AT005,(半)DR.Q果汁果凍-芒果(韓文)60g/小包
926AT006,(半)DR.Q芒果蒟蒻19g/小包(174mm)
926AU002A,(半)DR.Q台酒蒟蒻果醋晶凍-荔枝19g/小包
926AU002B,(半)DR.Q台酒蒟蒻果醋晶凍-水蜜桃19g/小包
926AU005A,(半)DR.Q雙味蒟蒻(大陸Costco版)-葡萄19g/小包
926AU009D,(半)DR.Q雙味蒟蒻(大陸Costco版)-荔枝19g/小包
926AU030A,(半)DR.Q零卡荔枝蒟蒻19g/小包
926AU030B,(半)DR.Q零卡芭樂蒟蒻19g/小包
926AU031A,(半)Dr.Q零卡蒟蒻-百香果19g/小包
926AU031C,(半)Dr.Q零卡蒟蒻-檸檬愛玉19g/小包
926AU034A,(半)Dr.Q零卡草莓蒟蒻19g/小包
926AU034B,(半)Dr.Q零卡白桃蒟蒻19g/小包
926AW003,(半)DR.Q水蜜桃蒟蒻(簡體版)19g/小包
926AW006,(半)DR.Q水蜜桃蒟蒻19g/小包(174mm)
926AX001,(半)DR.Q百香果蒟蒻(簡體版)19g/小包
926AX002,(半)DR.Q百香果蒟蒻19g/小包
926AX002A,(半)DR.Q百香果蒟蒻19g/小包(174mm)
926AY001,(半)DR.Q葡萄蒟蒻19g/小包
926AY001A,(半)DR.Q葡萄蒟蒻19g/小包(174mm)
926AY003,(半)DR.Q葡萄蒟蒻(大陸簡體版)19g/小包
926AY011,(半)DR.Q白葡萄蒟蒻19g/小包
926AY015,(半)HelloKitty葡萄蒟蒻19g/小包(174mm)
926AY018,(半)DR.Q果汁果凍-葡萄(韓文)60g/小包
926AY019,(半)DR.Q葡萄蒟蒻(哆啦A夢版)19g/小包
926BQ002,(半)DR.Q蘋果蒟蒻19g/小包
926BV001,(半)DR.Q蜂蜜梅子蒟蒻19g/小包
926BX001,(半)DR.Q哈密瓜蒟蒻19g/小包
921AR001,(半)中文蒟蒻椰果荔枝27g
921AR003,(半)英文果凍椰果荔枝27g
921AR009,(半)英文果凍椰果荔枝(碎椰肉)27g
921AR014,(半)Meadows迷你果凍-荔枝27g
921AR015,(半)(綠山)果凍椰果-荔枝(碎椰肉)
921AT003,(半)高纖蒟蒻椰果芒果27g
921AT005,(半)英文果凍椰果芒果27g
921AT009,(半)英文果凍椰果芒果(碎椰肉)27g
921AT021,(半)Meadows迷你果凍-芒果27g
921AT022,(半)高纖果凍(無蒟蒻版)-芒果27g
921AY002,(半)高纖小椰果葡萄27g
921AY005,(半)(台酒)寒天果醋晶凍-葡萄27g
921AY016,(半)高纖果凍(無蒟蒻版)-葡萄27g
921BK001,(半)(台酒)寒天果醋晶凍-金桔檸檬27g
921BV001,(半)(台酒)寒天果醋晶凍-梅子27g
921CD005,(半)雞蛋布丁(大陸簡體3歲杯膜)27g
921CE002,(半)高纖小椰果白桃27g
921CE006,(半)高纖果凍(無蒟蒻版)-白桃27g
923AA001,(半)(華元)如果蒟蒻椰果果凍-草莓35g
923AR003,(半)(華元)如果蒟蒻椰果果凍-荔枝35g
923AY001,(半)(華元)如果蒟蒻椰果果凍-葡萄35g
923AZ001,(半)(華元)如果蒟蒻椰果果凍-鳳梨35g
923BJ001,(半)(華元)如果蒟蒻椰果果凍-青蘋果35g
916AR001,(半)珍珠吉果荔枝
916AT001,(半)珍珠吉果芒果
921AU001,(半)蒟蒻椰果-中文綜合27g
921AU003,(半)中文純果凍綜合27g
921AU004,(半)英文果凍椰果綜合27g
921AU017,(半)果凍椰果綜合(碎椰肉)27g
921AU026,(半)哆啦A夢果味果凍-綜合27g
921AU034,(半)蒟蒻椰果綜合(大陸簡體杯膜)27g
921AU036,(半)(綠山)果凍椰果-綜合(碎椰肉)
921AU037,(半)零卡果凍-綜合(芒果葡萄荔枝白葡萄4口味)27g
914AU002,(半)NC小優酪綜合35g
914AU006,(半)中文小優酪綜合(蜜柑草莓藍莓芒果)35g
914AU015,(半)優酪果園-綜合(大陸簡體3歲)35g
914AU016,(半)TRIKO小熊優酪果園-綜合(3歲杯膜)35g(蜜柑草莓藍莓芒果)
914AU017,(半)小熊維尼優酪果園-綜合35g(蜜柑草莓藍莓芒果)
914AU018,(半)HelloKitty優酪綜合35g(蜜柑草莓藍莓芒果)
923AU003,(半)(華元)如果蒟蒻椰果果凍-綜合35g
916AU001,"(半)中文珍珠吉果綜合 (蕉,芒,草,葡)"
916AU012,(半)NC纖維椰果凍-綜合(無添加蒟蒻粉)
901AU057,(半)TKM HelloKitty果汁果凍-綜合16g(葡萄芒果白桃；投入400kg/桶)
901AU058,(半)TKM哆啦A夢果汁果凍-綜合16g(葡萄芒果白桃)
901AU059,(半)TKM HelloKitty果汁果凍-綜合16g(葡萄芒果白桃；投入500kg/桶)
901AU060,(半)TKM史努比果汁果凍-綜合16g(葡萄芒果白桃；投入500kg/桶)
901AU061,(半)TKM史努比果汁果凍-綜合16g(葡萄芒果白桃；投入400kg/桶)
901AU062,(半)TKM哆啦A夢果汁果凍-綜合16g(葡萄芒果白桃；投入400kg/桶)
114AU012,優酪果園-綜合 1085g X 6桶入
114AU030,優酪果園-綜合330g(33gX10杯)X10包
121AR009,V蒟蒻椰果-荔枝420gX10包
121AR015,蒟蒻椰果-荔枝1000gX10包
121AU015,V蒟蒻椰果-中文綜合420gX10包
121AU033A,V純果凍-綜合500gX10包
121AU040,蒟蒻椰果-綜合1000gX10包
121AU042A,零卡果凍-綜合(2023年版)720gX10包
121AU045,哆啦A夢果味果凍-綜合420gX10包
121AU047,哆啦A夢果味果凍-綜合1000gX6包
121AU052,V純果凍-綜合250gX10包
121AY010,(盛香珍版)纖維果凍-葡萄原汁720gX10包
414AU001,優酪果園-綜合 6kg (35g/杯)
421AR001,V蒟蒻椰果-荔枝 6kg/箱(十斤裝)
421AU001,V蒟蒻椰果-中文綜合 6kg/箱(十斤裝)
421AU002,V純果凍-綜合 6kg/箱(十斤裝)
421AU004A,零卡果凍-綜合6kg/箱(十斤裝;芒果葡萄荔枝白葡萄)
421AU009,純果凍-綜合2.5kg/箱
721AR004,(外)Fun Club果凍椰果-荔枝 280g X 30包入
721AR005,(外)Fun Club果凍椰果-荔枝 1320g X 6桶入
721AR006,(外)(皇后牌)荔枝椰果1200gX6桶入
721AR007,(外)(皇后牌)荔枝椰果280g X 30包入
721AR011,(外)Meadows荔枝味迷你果凍950gX6桶
721AR013,(綠山)荔枝椰果果凍1000gX6入圓桶
721AR014,(外)Fun Club果凍椰果-荔枝3kgX4包
721AT005,(外)Fun Club果凍椰果-芒果1220gX6桶
721AT008,(外)Fun Club果凍椰果-芒果1320gX6桶
721AT021,(外)Meadows芒果味迷你果凍950gX6桶
721AU003,(外)Fun Club果凍椰果-綜合1220gX6桶
721AU005,(外)Fun Club果凍椰果-綜合 280g X 30包入
721AU006,(外)Fun Club果凍椰果-綜合 1320g X 6桶入
721AU030,(綠山)綜合椰果果凍1000gX6入圓桶
721CDUS006,(TKM)布丁犬-布丁果凍(USA版)(大陸版)306gX20包
721CDUS007,(TKM)布丁犬-布丁果凍(USA版)(簡體杯膜)306gX20包
721CDUS008,(TKM)布丁犬-布丁果凍(USA版)306gX10包
723AA001,(華元)如果蒟蒻椰果果凍-草莓6kg/箱
723AR001,(華元)如果蒟蒻椰果果凍-荔枝6kg/箱
723AR003,(華元)如果蒟蒻椰果果凍-荔枝330gX20包
723AU002,(華元)如果蒟蒻椰果果凍-綜合500gX10包
723AY001,(華元)如果蒟蒻椰果果凍-葡萄6kg/箱
723AZ001,(華元)如果蒟蒻椰果果凍-鳳梨6kg/箱
723BJ001,(華元)如果蒟蒻椰果果凍-青蘋果6kg/箱
801AR037,(外)果凍椰果-荔枝 1500g X 6桶入
801AR038,(外)果凍椰果-荔枝 280g X 30包入
801AR046,(外)果凍椰果-荔枝(法文標籤)280gX30包
801AU101,(外)果凍椰果-綜合 1500g X 6桶入
801AU102,(外)果凍椰果-綜合 280g X 30包入
801AU114,(外)果凍椰果-綜合(法文標籤)280gX30包
814AU005,(外)NC優酪果園-綜合 1260g X 6入企鵝桶
814AU006,(外)優酪果園-綜合 1260g X 6入企鵝桶
814AU033,(外)優酪果園-綜合 1085g X 6桶入
814AU067,(外)NC優酪果園-綜合(美國COSTCO)1575gX6桶(四角桶)
814AU074,(外)優酪果園-綜合330g(33gX10杯)X10包
814AU075,(外)NC優酪果園-綜合330g(33gX10杯)X30包
814AU077,(外)優酪果園-綜合(麥德好版)1085gX6桶
814AU079,(外)優酪果園-綜合(大陸繁體外袋+簡體杯膜)330gX10包
816AR002,(外)珍珠吉果-荔枝 1320g X 6入八角桶
816AR007,(外)NC珍珠吉果-荔枝 1320g X 6桶入(條碼4)
816AR010,(外)珍珠吉果-荔枝 280g X 30包入
816AT009,(外)NC珍珠吉果-芒果 1320g X 6桶入(條碼4)
816AU007,(外)珍珠吉果-綜合 1320g X 6入八角桶
816AU022,(外)NC珍珠吉果-綜合 280g X 30包入
816AU023,(外)NC珍珠吉果-綜合 1320g X 6桶入(條碼4)
816AU030,"(外)NC纖維椰果凍-綜合(澳洲Costco,Summer版)1490gX6四角桶"
821AR001,(外)V蒟蒻椰果-荔枝6kg/箱
821AR002,(外)V蒟蒻椰果-荔枝400gX10包
821AR014,(外)蒟蒻椰果-荔枝1000gX10包
821AR015,(外)蒟蒻椰果-荔枝420gX10包
821AR017,(外)蒟蒻椰果-荔枝(香港版)400gX10包
821AR018,(外)蒟蒻椰果-荔枝(3歲簡體杯膜)400gX10包
821ARCA002,(外)果凍椰果-荔枝(柴先生版)1500gX6桶
821AT003,(外)TRIKO高纖蒟蒻果凍-芒果316gX10包
821AT009,(外)TRIKO高纖蒟蒻果凍-芒果6kg/箱(替代箱)
821AT009A,(外)TRIKO高纖果凍(無蒟蒻版)-芒果6kg/箱(替代箱)
821AT010,(外)V果凍椰果-芒果(柴先生版)1500gX6桶
821AT024,(外)果凍椰果-芒果(法文版)280gX30包
821AU002,(外)V蒟蒻椰果-綜合6kg/箱
821AU003,(外)V蒟蒻椰果-綜合400gX10包
821AU012,(外)V蒟蒻椰果-綜合1500gX6桶
821AU013,(外)蒟蒻椰果-綜合420gX10包
821AU035,(外)蒟蒻椰果-綜合1000gX10包
821AU036,(外)零卡果凍-綜合720gX10包
821AU043,(外)哆啦A夢果味果凍-綜合420gX10包
821AU051,(外)蒟蒻椰果-綜合(3歲簡體杯膜)400gX10包
821AUCA005,(外)果凍椰果-綜合(柴先生版)1500gX6桶
821AY002,(外)TRIKO高纖蒟蒻果凍-葡萄 316g X 10包入
821AY008,(外)TRIKO高纖蒟蒻果凍-葡萄6kg/箱(替代箱)
821AY008A,(外)TRIKO高纖果凍(無蒟蒻版)-葡萄6kg/箱(替代箱)
821BQ004,(外)TRIKO高纖蒟蒻果凍-蘋果316gX10包
821BQ005,(外)TRIKO高纖蒟蒻果凍-蘋果6kg/箱(替代箱)
821CE001,(外)TRIKO高纖蒟蒻果凍-白桃 316g X 10包入
821CE008,(外)TRIKO高纖蒟蒻果凍-白桃6kg/箱(替代箱)
821CE008A,(外)TRIKO高纖果凍(無蒟蒻版)-白桃6kg/箱(替代箱)
921AU050,(半)零卡果凍(綜合水果風味)750g/包(以包計)
126AA006,DR.Q草莓蒟蒻265gX10包
126AA010,(量)DR.Q草莓蒟蒻380gX10包
126AP001A,DR.Q優多綠茶蒟蒻210gX10包
126AR001,DR.Q荔枝蒟蒻265gX10包
126AR002,DR.Q荔枝蒟蒻190gX10包
126AT001,DR.Q芒果蒟蒻265gX10包
126AU007A,DR.Q雙味蒟蒻(葡萄+荔枝)(2023年版)420gX10包
126AU010,DR.Q雙味蒟蒻(葡萄+草莓)1860gX6桶
126AU013,DR.Q雙味蒟蒻(水蜜桃+白葡萄)420gX10包
126AU015,DR.Q雙味蒟蒻果凍(葡萄+荔枝)785gX12包
126AU025,DR.Q雙味蒟蒻(哈密瓜+蘋果)420gX10包
126AU027,DR.Q雙味蒟蒻(葡萄+荔枝)380gX10包
126AU029,DR.Q雙味蒟蒻-百香+荔枝1860gX6桶
126AU030,DR.Q雙味零卡蒟蒻(荔枝+芭樂風味)420gX10包
126AU032,DR.Q雙味蒟蒻(百香果+水蜜桃)190gX10包
126AU033,DR.Q雙味零卡蒟蒻(荔枝風味+芭樂風味)380gX10包
126AU034,DR.Q零卡蒟蒻(白桃+草莓)風味果凍420gX10包
126AW004A,DR.Q水蜜桃蒟蒻190gX10包
126AX002,DR.Q百香果蒟蒻265gX10包
126AY001,DR.Q葡萄蒟蒻265gX10包
126AY010,DR.Q葡萄蒟蒻190gX10包
126BV001,DR.Q蜂蜜梅子蒟蒻228gX10包
426AA001,DR.Q草莓蒟蒻6kg/箱(10台斤)
426AR001,DR.Q荔枝蒟蒻6kg/箱(10台斤)
426AR002,DR.Q荔枝蒟蒻(哆啦A夢版)3kgX2包
426AT001,DR.Q芒果蒟蒻6kg/箱(10台斤)
426AX001,DR.Q百香果蒟蒻6kg/箱(10台斤)
426AY001,DR.Q葡萄蒟蒻6kg/箱(10台斤)
426AY002,DR.Q麝香白葡萄蒟蒻6kg/箱(10台斤)
426AY003,DR.Q葡萄蒟蒻(哆啦A夢版)3kgX2包
426BQ001,DR.Q蘋果蒟蒻6kg/箱(10台斤)
826AA001,(外)DR.Q草莓蒟蒻265gX20包
826AA006,(外)DR.Q草莓蒟蒻265gX10包
826AR001,(外)DR.Q荔枝蒟蒻265gX10包
826AR002,(外)DR.Q荔枝蒟蒻265gX20包
826AR002A,(外)DR.Q荔枝蒟蒻(簡體版)265gX20包
826AR003,(外)DR.Q荔枝蒟蒻散裝(大陸簡體版)6kg/箱(3kgX2包)
826AR005,(外)DR.Q荔枝蒟蒻190gX10包
826AT001,(外)DR.Q芒果蒟蒻265gX10包
826AT002,(外)DR.Q芒果蒟蒻265gX20包
826AT002A,(外)DR.Q芒果蒟蒻(簡體版)265gX20包
826AT003,(外)DR.Q芒果蒟蒻散裝(大陸簡體版)6kg/箱(3kgX2包)
826AU009,(外)DR.Q雙味蒟蒻(葡萄+荔枝)(大陸Costco版)1860gX6桶
826AU013,(外)DR.Q雙味蒟蒻(水蜜桃+白葡萄)420gX10包
826AU025,(外)DR.Q雙味蒟蒻(哈密瓜+蘋果)420gX10包
826AW002,(外)DR.Q水蜜桃蒟蒻(繁體外袋+簡體內袋)210gX20包
826AW007,(外)DR.Q水蜜桃蒟蒻190gX10包
826AX001,(外)DR.Q百香果蒟蒻(大陸簡體版)3kgX2袋
826AX002,(外)DR.Q百香果蒟蒻(繁體外袋+簡體內袋)210gX20包
826AX005,(外)DR.Q百香果蒟蒻265gX10包
826AX006,(外)DR.Q百香果蒟蒻265gX20包
826AX006A,(外)DR.Q百香果蒟蒻(簡體版)265gX20包
826AY001,(外)DR.Q葡萄蒟蒻265gX10包
826AY002,(外)DR.Q葡萄蒟蒻265gX20包
826AY002A,(外)DR.Q葡萄蒟蒻(簡體版)265gX20包
826AY008,(外)DR.Q葡萄蒟蒻190gX10包
826BV001,(外)DR.Q蜂蜜梅子蒟蒻228gX10包
926AU002C,(半)DR.Q台酒蒟蒻果醋晶凍-荔枝+水蜜桃456g/包
926AU006A,(半)DR.Q水果蒟蒻果凍禮盒-葡萄265g/包
926AU006B,(半)DR.Q蒟蒻果凍禮盒-荔枝265g/包
926AU006D,(半)DR.Q蒟蒻果凍禮盒-百香果265g/包
926AU031B,(半)Dr.Q零卡蒟蒻-百香果930g/包(以包計)
926AU031D,(半)Dr.Q零卡蒟蒻-檸檬愛玉930g/包(以包計)
121AU048,哆啦A夢果凍桶-綜合265gX6桶
126AA005,SNOOPY造型桶草莓蒟蒻265gX6桶
126AA009,史努比造型桶草莓蒟蒻(橘色版)265gX6桶
126AR006,OPEN!造型存錢桶(荔枝蒟蒻)265gX6桶
126AY015,HelloKitty造型桶葡萄蒟蒻265gX6桶
126AY015A,HelloKitty造型桶葡萄蒟蒻(粉紅版)265gX6桶
701AU018,(TKM)哆啦A夢桶果汁果凍-綜合265gX8桶
701AU019,(TKM)哆啦A夢桶果汁果凍-綜合(伊藤版)265gX8桶
701AU020,(TKM)HelloKitty紅色造型桶果汁果凍-綜合265gX8桶
701AU021,(TKM)史努比造型桶果汁果凍-綜合265gX8桶
714AU003,(HELLO KITTY)水果布丁桶396gX6桶
814AU052,(外)TRIKO小熊果凍桶-優酪果園綜合(堡勝版)580gX6桶
814AU055,(外)TRIKO小熊果凍桶-優酪果園綜合(英文版)580gX6桶
814AU060,(外)TRIKO小熊維尼優酪果園布丁桶-綜合580gX6桶
814AU060A,(外)TRIKO小熊維尼優酪果園布丁桶-綜合(合式版)580gX6桶
814AU081A,(外)TRIKO粉紅小熊果凍桶優酪果園-綜合(英文版)580gX6桶
821AU047,(外)哆啦A夢果凍桶-綜合265gX6桶
821AU048,(外)哆啦A夢果凍桶-綜合(合式版)265gX6桶
826AU006,"DR.Q果汁果凍-綜合1440gX6桶(60g/小包,韓文Costco版)"
109AN027,黑金剛帶殼花生(有價格標)160gX10包
809AN010,(外)黑金剛帶殼花生160gX10包
109AN041,蒜茸落花生160gX10包
109AN045,黑金剛帶殼花生(原味)220gX12包
109AN046,蒜茸落花生190gX12包
113AU019,五福臨門-下酒菜(蔥蒜花生版)770gX4盒
121AU050,零卡小果凍禮盒-綜合水果風味1500gX6盒
126AU006A,DR.Q水果蒟蒻果凍禮盒-綜合(2023年版)1060gX6盒
126AU014,DR.Q蒟蒻果凍禮盒-綜合1325gX6盒
126AU031,DR.Q零卡蒟蒻(百香果+檸檬愛玉)風味果凍1860g/盒
127AU014A,霸果實綜合水果鮮果凍禮盒(2024年版)1800gX6盒
127AU015A,霸果實每日鮮果凍禮盒1800gX4盒
321CP001,(台酒)寒天果醋晶凍(梅子&金桔檸檬&葡萄)400gX4包
321CP002,(試吃品)台酒寒天果醋晶凍1026g/包(27gX38杯)
326AU001,台酒果醋口袋晶凍1368gX6盒
103AA009B,草莓夾心酥(2017年版)160gX12包
103AA010A,草莓夾心酥(2017年版)35gX20包
103AA011,多格脆(草莓風味)160gX12包
103AB012A,花生夾心酥175gX10包
103AB013B,花生夾心酥(2017年新版)400gX5包
103AB014B,花生夾心酥(2017年版)160gX12包
103AC003,檸檬夾心酥(2017年版)400gX5包
103AD012B,巧克力夾心酥(2017年版)160gX12包
103AD013A,巧克力夾心酥(2017年版)35gX20包
103AD016B,巧克力夾心酥(2017年新版)400gX5包
103AE012B,香芋夾心酥175gX10包
103AE013B,香芋夾心酥(2017年新版)400gX5包
303AB007A,(家)花生夾心酥(2021年版)400gX8包
303AC009A,(家)檸檬風味夾心酥(2021年版)400gX8包
303AD014A,(家)巧克力夾心酥(2021年版)400gX8包
303AE007A,(家)香芋夾心酥(2021年版)400gX8包
303AF007A,(家)藍莓風味夾心酥(2021年版)400gX8包
803AB003,(外)花生夾心酥400gX5包
803AB012,(外)花生夾心酥175gX10包
803AC002,(外)檸檬夾心酥(2017年版)400gX5包
803AD006,(外)巧克力夾心酥(2017年版)400gX5包
803AE003,(外)香芋夾心酥400gX5包
803AE014,(外)香芋夾心酥175gX10包
108AA005A,極濃草莓巧克酥115gX10包
108AB002A,花生巧克酥115gX10包
108AB003,濃厚花生巧克酥130gX10包
108AD004,黃金黑巧巧克酥120gX10包
108AH024,牛奶巧克酥115gX10包
108AJ032,濃厚雙餡巧克酥-榛果巧克力150gX10盒
108AU038,濃厚雙餡巧克酥-生奶油芋泥150gX10盒
108CZ002,(量)職人系X靜岡抹茶歐蕾巧克酥120gX10包
808AB002,(外)濃厚花生巧克酥130gX10包
808AD005,(外)黃金黑巧巧克酥120gX10包
903AE003,(半)酥餅總匯-香芋夾心酥(3夾2配方)
908AD001,(半)巧克力餅坊-巧克力可令酥
908AJ001,(半)糕餅舖禮盒-榛果巧克酥
908AJ003,(半)午茶禮盒-(真好禮)榛果巧克酥
908AU029A,(半)經典三重奏禮桶-濃厚芋頭牛奶巧克酥72g/盒(以盒計)
908AU029B,(半)經典三重奏禮桶-濃厚雙味巧克酥(花生+巧克力)72g/盒(以盒計)
908AU029C,(半)經典三重奏禮桶-濃厚榛果巧克酥75g/盒(以盒計)
908CR001,(半)巧克力餅坊-香草可令酥
918AU065F,(半)春之頌經典餅乾禮盒-花生牛奶雙色巧克酥(以kg計)
918AU068C,(半)極濃草莓巧克酥115g(以包計)
108AU037,濃厚雙餡巧克酥禮盒656gX6盒
908AU037A,(半)濃厚雙餡巧克酥禮盒-花生牛奶巧克酥168g/包(以包計)
908AU037B,(半)濃厚雙餡巧克酥禮盒-生奶油芋泥巧克酥168g/包(以包計)
910AK001,(半)甘草瓜子 (30kg/包)
910AK007,(半)甘草瓜子(蔗糖素 、30kg/包)
910AK006,(半)甘草瓜子(砂糖 、30kg/包)
910AL001,(半)醬油瓜子 (30kg/包)
910AL004,(半)醬油瓜子(蔗糖素、30kg/包)
911AN009,(半)南瓜子(糖精；20kg/包)
911AN010,(半)無糖精南瓜子(蔗糖素；20kg/包)
911AP009,(半)綠茶南瓜子未拌粉(AK糖；20kg/包)
911AP011,(半)綠茶南瓜子未拌粉(蔗糖素；20kg/包)
912AN007,(半)開心果-自然開(30kg/包)
912AN041,(半)KING開心果(30kg/包)
915AN013,(半)香瓜子(糖精；18kg/包)
915AN014,(半)無糖精香瓜子(蔗糖素；18kg/包)
915CJ002,(半)焦糖香瓜子(18kg/包)
915BS002,(半)桂圓紅棗香瓜子(18kg/包)
915BG002,(半)豐葵香瓜子-日月潭紅茶(18kg/包)
915AP002,(半)豐葵香瓜子-台灣烏龍茶(18kg/包)
915AN007AA,(半)海鹽香瓜子(未拌粉；18kg/包)
915CF001,(半)松露香瓜子(18kg/包)
915CJ005,(半)霸豐葵香瓜子-焦糖風味(18kg/包)
915CJ004,(半)霸豐葵阿嬤滷味香瓜子(18kg/包)
915AN016A,(半)霸豐葵海鹽香瓜子(未拌粉；18kg/包)
915AH001,(半)霸豐葵香瓜子-奶香風味(18kg/包)
911AP008,(半)綠茶南瓜子(AK糖；20kg/包)
911AP010,(半)綠茶南瓜子(蔗糖素；20kg/包)
915AN007A,(半)海鹽香瓜子(18kg/包)
915AN016,(半)霸豐葵海鹽香瓜子(18kg/包)
915AN012,(半)豐葵香瓜子-全天然原味(20kg/包)
909AN008,(半)無調味腰果(20kg/包)
909AN009,(半)無調味杏仁果(20kg/包)
909AN010,(半)無調味夏威夷豆(20kg/包)
909AN011,(半)無調味核桃仁(20kg/包)
909AN012,(半)無調味榛果(20kg/包)
909LB007A,(半)KING無調味腰果(20kg/包)
909LD002,(半)KING無調味夏威夷豆(20kg/包)
909LF025A,(半)無調味夏威夷豆全聯版(20kg/包)
909LF025B,(半)無調味腰果全聯版(20kg/包)
909LF036A,(半)KING無調味杏仁果(20kg/包)
909LF036B,(半)KING無調味核桃(20kg/包)
909LH002,(半)無調味胡桃(20kg/包)
911AN006A,(半)鹽烤南瓜籽仁20kg/包(未調味)
909AN002,(半)杏仁果(20kg/包;用調味粉調味)
909CU001,(半)KING杏仁條(20kg/包)
909LA001,(半)香蒜杏仁果(20kg/包:用調味粉調味)
909LA006,(半)楓糖杏仁果(20kg/包)
909LB001,(半)楓糖腰果(20kg/包)
909LB006,(半)調味腰果(20kg/包)
909LB010,(半)KING蜂蜜腰果(20kg/包)
909LF013A,(半)腰果-切達起司(20kg/包)
909LF013B,(半)杏仁果-切達起司(20kg/包)
909LF017AC,(半)蒜香腰果(20kg/包)
909LF017AD,(半)蒜香杏仁果(20kg/包)
909LF022A,(半)楓糖核桃仁(20kg/包)
909LH001,(半)楓糖蜜胡桃(20kg/包)
909LH004,(半)KING楓糖胡桃(20kg/包)
911AN006,(半)鹽烤南瓜籽仁20kg/包(已調味)
909AU045,(半)綜合纖果(20kg/包)
909AU046,(半)無調味綜合果(20kg/包)
909AU060,(半)每日堅果(20kg/包)
909AU081,(半)每日養身堅果(20kg/包)
909LD003,(半)KING夏威夷纖果(20kg/包)
909LF017A,(半)起司雙果(20kg/包)
909LF017AB,(半)蒜香雙果(20kg/包)
909LF017B,(半)楓糖雙果(20kg/包)
909LF019,(半)無調味綜合果整合版(20kg/包)
909LF025,(半)無調味綜合果全聯版(20kg/包)
909LF036,(半)KING無調味綜合堅果(20kg/包)
909LF048A,(半)蔓越莓夏豆(20kg/包)
909LF049A,(半)櫻桃腰果(20kg/包)
909LF001,(半)珍味四果(20kg/包)
909LF021,(半)薄鹽養生綜合果(20kg/包)
917AU001,(半)自然果園-綜合(葡萄乾+蔓越莓)
909CU002,(半)KING杏仁小魚(20kg/包)
909CU005,(半)7-11杏仁小魚-鯷(20kg/包)
109AU060,每日堅果禮盒400gX6盒
109AU064,每日堅果125gX10包
109AU066,每日堅果禮盒700gX6盒
109AU068,每日堅果禮盒700g/盒(收縮膜單盒裝)
109AU081,每日養身堅果125gX10包
109LA003,(走吧堅果)蒜香杏仁果266gX12盒
109LA003A,(走吧堅果)蒜香杏仁果隨手包38gX100包
109LB001,楓糖腰果35gX10包X12組
109LB004,(走吧堅果)楓糖腰果224gX12盒
109LB004A,(走吧堅果)楓糖腰果隨手包32gX100包
109LF001,珍味四果31gX10包X12組
109LF008,無調味綜合果禮盒700gX6盒
109LF021,薄鹽養生綜合果禮盒700gX6盒
109LF043,無調味綜合果禮盒(收縮膜單盒裝)700g/盒
109LF044,薄鹽養生綜合果禮盒(收縮膜單盒裝)700g/盒
109LF048,KING堅果隨手包-蔓越莓夏豆33gX10包X12組
109LF049,KING堅果隨手包-櫻桃腰果35gX10包X12組
409LF001A,薄鹽養生綜合果散裝25gX120包/箱
409LF002A,每日堅果散裝25gX120包/箱
409LF003A,無調味綜合果散裝25gX120包/箱
809AU042,(外)每日堅果125gX10包
113AN017,蒜片小魚干花生40gX10包X12組
113AN018,(走吧堅果)蒜片小魚乾花生210gX12盒
113AN018A,(走吧堅果)蒜片小魚乾花生隨手包30gX100包
309AU013,(納智捷)脆果集1.5kgX2包
309AU014,(源心)活力堅果25gX200包
317AU001A,(捐血中心)自然果園(葡萄乾+蔓越莓)16.3gX200小包
909AN004A,(半)杏仁果(新版;17.4g/小包;用於120g包裝;kg計)
909AN005,(半)腰果(17.4g/小包;用於120g包裝;kg計)
909AN006,(半)腰果(17.1g/小包;用於100g包裝;kg計)
909AN007,(半)杏仁果(17.1g/小包;用於100g包裝;kg計)
909AN043A,(半)椒麻花生(16.1g/小包;用於80g包裝;kg計)
909AU019A,(半)真好禮五福臨門堅果瓜子禮盒-黑瓜子(2012年版)100g/包
909AU019B,(半)真好禮五福臨門堅果瓜子禮盒-南瓜子(2012年版)90g/包
909AU019C,(半)真好禮五福臨門堅果瓜子禮盒-開心果(2012年版)100g/包
909AU019D,(半)真好禮五福臨門堅果瓜子禮盒-香瓜子(2012年版)80g/包
909AU019E,(半)真好禮五福臨門堅果瓜子禮盒-小魚干花生(2012年版)65g/包
909AU027A,(半)禮讚堅果禮盒-杏仁果90g/包
909AU027B,(半)禮讚堅果禮盒-腰果90g/包
909AU027C,(半)禮讚堅果禮盒-開心果90g/包
909AU027D,(半)禮讚堅果禮盒-杏仁小魚65g/包
909AU027E,(半)禮讚堅果禮盒-南瓜籽仁90g/包
909AU052A,(半)無調味堅果禮盒-腰果90g/包
909AU052AA,(半)無調味堅果禮盒-綜合果(2023年版)90g/包
909AU052B,(半)無調味堅果禮盒-杏仁果90g/包
909AU053B,(半)迎春納福綜合堅果禮盒-綜合纖果140g/包
909AU053BA,(半)迎春納福綜合堅果禮盒(2023年版)-綜合果140g/包
909CU004,(半)KING杏仁小魚(14.3g/小包;用於71g包裝;kg計)
909LB008A,(半)KING腰果(17.1g/小包;用於85g包裝;kg計)
909LD006,(半)KING夏威夷纖果(14.7g/小包;用於73g包裝;kg計)
909LF017AA,(半)活力雙果堅果禮盒(2022)-蒜香雙果85g/盒(以盒計)
909LF017D,(半)活力雙果堅果禮盒-起司雙果85g/盒(以盒計)
909LF017E,(半)活力雙果堅果禮盒-楓糖雙果85g/盒(以盒計)
909LF035A,(半)六合豐悅典藏堅果禮盒-蜜汁腰果70g/盒(以盒計)
909LF035B,(半)六合豐悅典藏堅果禮盒-杏仁果75g/盒(以盒計)
909LF035C,(半)六合豐悅典藏堅果禮盒-楓糖胡桃60g/盒(以盒計)
909LF035D,(半)六合豐悅典藏堅果禮盒-楓糖核桃65g/盒(以盒計)
909LF035E,(半)六合豐悅典藏堅果禮盒-夏威夷豆60g/盒(以盒計)
909LF035F,(半)六合豐悅典藏堅果禮盒-開心果70g/盒(以盒計)
909LF037A,(半)KING綜合果(15.5.g/小包;用於77g包裝;kg計)
909LF040A,(半)KING頂級堅果禮盒-KING杏仁小魚25g/包(以包計)
909LF040B,(半)KING頂級堅果禮盒-KING無調味綜合堅果25g/包(以包計)
909LF040C,(半)KING頂級堅果禮盒-KING無調味腰果25g/包(以包計)
909LF040D,(半)KING頂級堅果禮盒-KING開心果25g/包(以包計)
909LF040E,(半)KING頂級堅果禮盒-KING夏威夷纖果25g/包(以包計)
909LF040F,(半)KING頂級堅果禮盒-KING無調味夏威夷豆25g/包(以包計)
909LF046,(半)KING無調味綜合堅果(14.7g/小包;用於73g包裝;kg計)
909PE002,(半)蔥蒜花生(17.1g/小包;用於100g包裝;kg計)
909PF001,(半)薄鹽花生(16.8g/小包;用於100g包裝;kg計)
911AN008,(半)鹽烤南瓜籽仁(17.4g/小包;用於135g包裝;kg計)
911AN012,(半)南瓜籽仁(19.3g/小包;用於115g包裝;kg計)
912AN006,(半)開心果(17.1g/小包;用於100g包裝;以kg計)
912AN008A,(半)開心果(新版;17.4g/小包;用於120g包裝;kg計)
913AU020A,(半)花開富貴禮盒-每日養生堅果130g/包(以包計)
913AU020B,(半)花開富貴禮盒-杏仁小魚120g/包(以包計)
913DA002,(半)鹹蛋黃葵瓜子仁(18.4g/小包;用於110g包裝;kg計)
917AU002,(半)自然果園-綜合(葡+蔓;16.67g/小包;用於130g包裝;kg計)
109AN038A,無調味腰果230gX24罐
109AN039,無調味杏仁果280gX24罐
109AU061A,無調味綜合果(2019年版)210gX24罐
109AU062A,綜合纖果(2019年版)270gX24罐
109AU063A,莓好綜合果230gX24罐
109AU070,吉祥大三元(焦+南+開)950gX6桶
109AU071,大雙喜(焦+開)670gX6桶
109CU001,杏仁小魚175gX24罐
109CU002,KING杏仁小魚罐300gX6罐
109CU003,KING杏仁小魚罐(量販版)300gX8罐
109LB007,KING無調味腰果罐350gX6罐
109LB009,KING無調味腰果罐(量販版)350gX8罐
109LC001A,無調味榛果230gX24罐
109LD001,無調味夏威夷豆220gX24罐
109LD002,KING無調味夏威夷豆罐350gX6罐
109LD003,KING夏威夷纖果罐350gX6罐
109LD004,KING無調味夏威夷豆罐(量販版)350gX8罐
109LD005,KING無調味夏威夷纖果罐(量販版)350gX8罐
109LF004B,無調味綜合果(2023年版)460gX6桶
109LF005,綜合纖果580gX6桶
109LF025,TRIKO無調味綜合果930gX6桶
109LF026,TRIKO綜合纖果1115gX6桶
109LF033,NC活力綜合纖果1300gX6桶
109LF034,NC無調味綜合果1130gX6桶
109LF036,KING無調味綜合堅果罐320gX6罐
109LF039,KING無調味綜合堅果罐(量販版)320gX8罐
109LH004,KING楓糖胡桃罐270gX6罐
109LH005,KING楓糖胡桃罐(量販版)270gX8罐
110AK049,甘草瓜子(2024年版)600gX6桶
810AK041,(外)甘草瓜子(2023年版)650gX6桶
111AN032,南瓜子540gX6桶
811AN033,(外)南瓜子540gX6桶
112AN036A,開心果(2022年版)420gX6桶
112AN041,KING開心果罐300gX6罐
112AN042,KING開心果罐(量販版)300gX8罐
812AN023,(外)開心果(2022年版)420gX6桶
115AN006,豐葵香瓜子-全天然原味450gX6桶
115BS003,豐葵香瓜子-桂圓紅棗風味700gX6桶
115CJ008,豐葵香瓜子-焦糖風味730gX6桶
115CJ009,豐葵香瓜子-焦糖風味700gX6桶
815CJ004,(外)豐葵香瓜子-焦糖風味730gX6桶
909AU067AA,(半)堅果三重奏-莓好綜合果230g/罐
909AU067AB,(半)堅果三重奏-綜合纖果270g/罐
909AU067AC,(半)堅果三重奏-無調味綜合果210g/罐
909AU076A,(半)雙星報喜組-日月潭紅茶香瓜子400g/桶
909AU078A,(半)雙星報喜組-開心果420g/桶
909LF041A,(半)KING無調味綜合堅果罐320g
909LF041B,(半)KING夏威夷纖果罐350g
909LF042A,(半)KING杏仁小魚罐300g
109AU067A,堅果三重奏禮盒(2019年版)710gX6盒
109AU078,雙星報喜組(開心果+日月潭紅茶瓜子)(2022年版)820g/箱
108AU029,經典巧克酥三重奏禮桶433gX6桶
109AU019,真好禮五福臨門堅果瓜子禮盒435gX10盒(2012年版)
109AU027A,禮讚堅果禮盒(2021年版)425gX6盒
109AU052A,無調味堅果禮盒(2023年版)270gX6盒
109AU053B,迎春納福綜合堅果禮盒(2023年版)560gX6盒
109LF017A,活力雙果堅果禮盒(2023年版)255gX6盒
109LF035,六合豐悅典藏堅果禮盒400gX6盒
109LF040,KING頂級堅果禮盒600gX6盒
109LF041,盛香珍KING堅果罐組(無調味綜合果+夏威夷纖果)670g/箱
109LF042,盛香珍KING堅果罐組(無調味綜合果+杏仁小魚)620g/箱
113AU020,花開富貴禮盒(2024年版)500gX6盒
109AM004,蒜味蠶豆酥250gX10包
109AN016A,腰果120gX10包
109AN025B,杏仁果(新版)120gX10包
109AN026,腰果100gX10包
109AN031,杏仁果100gX10包
109AN033,無調味腰果150gX10包
109AN034,無調味腰果95gX10包
109AN035,無調味夏威夷豆80gX10包
109AN035B,無調味夏威夷豆50gX10包
109AN036,無調味核桃仁140gX10包
109AN037,無調味杏仁果95gX10包
109AN043A,椒麻花生80gX10包
109AN044,無調味核桃仁88gX10包
109AU051,綜合纖果120gX10包
109AU056,無調味綜合果90gX10包
109CU004,(量)KING杏仁小魚71gX10包
109CU005,KING杏仁小魚135gX10包
109LA005,(魷魚遊戲2)蒜味杏仁果142gX10包
109LB008,(量)PREMIUM無調味．特大腰果85gX10包
109LB010,KING蜂蜜腰果140gX10包
109LD006,(量)KING夏威夷纖果73gX10包
109LD007,KING夏威夷纖果140gX10包
109LD008,KING夏威夷豆90gX10包
109LF002,(堅果谷)莓好綜合果550gX10包
109LF003,(堅果谷)無調味綜合果550gX10包
109LF019,無調味綜合果(2022年版)140gX10包
109LF020,無調味綜合果(2022年版)90gX10包
109LF037,(量)PREMIUM無調味．特大五堅果77gX10包
109LF045,KING無調味綜合堅果140gX10包
109LF046,(量)KING無調味綜合堅果73gX10包
109PE001,蔥蒜花生100gX10包
109PE002B,蔥蒜花生(量販版)100gX10包
109PE003,蔥蒜花生(家樂福版)100gX10包
109PF002,薄鹽花生100gX10包
409AU006,無調味綜合果3斤(1.8kg)X6包
409AU007,綜合纖果3斤(1.8kg)X6包
809AM007,(外)蒜味蠶豆酥250gX10包
809AN022,(外)腰果120gX10包
809AN023,(外)杏仁果120gX10包
809CU005,(外)KING杏仁小魚135gX10包
809PE001,(外)蔥蒜花生100gX10包
809PF002,(外)薄鹽花生100gX10包
110AK038,(立紙袋)甘草瓜子180gX10包
110AK038Z,(立紙袋)甘草瓜子Z-180gX10包
110AK039,(立紙袋)甘草瓜子180gX6包X6盒
110AK040,香級甘草瓜子410gX10包
110AK043,(軍)(立紙袋)甘草瓜子270gX10包
110AK050,特級甘草瓜子(2025年版)180gX10包
110AL020,(立紙袋)醬油瓜子180gX10包
110AL024,特級醬油瓜子(2025年版)180gX10包
410AK001,甘草瓜子5斤X4包
710AK004,(益果)甘草瓜子200gX20包
710AK005,(萬平)甘草瓜子300gX20包
710AL005,(萬平)醬油瓜子300gX20包
810AK031,(外)(立紙袋)甘草瓜子(糖精版)180gX10包
810AK032,(外)(立紙袋)甘草瓜子(糖精版)180gX20包
810AK032C,(外)(立紙袋)甘草瓜子(蔗糖版)180gX20包
810AK037,(外)(立紙袋)甘草瓜子(糖精版;大陸繁體)180gX20包
810AL027,(外)(立紙袋)醬油瓜子(糖精版)180gX10包
810AL028,(外)(立紙袋)醬油瓜子(糖精版)180gX20包
810AL028C,(外)(立紙袋)醬油瓜子(蔗糖版)180gX20包
810AL030,(外)(立紙袋)醬油瓜子(糖精版;大陸繁體)180gX20包
111AN020,(立紙袋)南瓜子150gX10包
111AN020Z,(立紙袋)南瓜子Z-150gX10包
111AN022,南瓜子330gX10包
111AN026A,鹽烤南瓜籽仁(全聯新條碼版)135gX10包
111AN033,南瓜籽仁115gX10包
111AN034,特級南瓜子(2025年版)150gX10包
111AP017,(立紙袋)綠茶南瓜子130gX10包
111AP024,特級綠茶南瓜子(2025年版)130gX10包
411AN001,南瓜子(糖精版)5斤X4包
711AN003,(益果)南瓜子180gX20包
711AP001,(益果)綠茶南瓜子 150g X 20包入
811AN018,(外)(立紙袋)南瓜子(糖精版)150gX10包
811AN018A,(外)(立紙袋)南瓜子(蔗糖版)150gX10包
811AN019,(外)(立紙袋)南瓜子(糖精版)150gX20包
811AN019C,(外)(立紙袋)南瓜子(蔗糖素版)150gX20包
811AN022,(外)鹽烤南瓜籽仁135gX10包
811AN032,(外)(立紙袋)南瓜子(糖精版+大陸繁體版)150gX20包
811AP021,(外)(立紙袋)綠茶南瓜子130gX10包
811AP022,(外)(立紙袋)綠茶南瓜子(AK糖版)130gX20包
811AP022B,(外)(立紙袋)綠茶南瓜子(蔗糖素版)130gX20包
811AP026,(外)(立紙袋)綠茶南瓜子(AK糖版+大陸繁體版)130gX20包
112AN032,開心果100gX10包
112AN032Z,開心果Z-100gX10包
112AN034,開心果(隨手包)120gX10包
112AN043,KING開心果140gX10包
412AN001,開心果5斤X4包
812AN013,(外)(立紙袋)開心果150gX10包
113AM001,蠶豆酥(泰式草本風味)230gX10包
113DA002,鹹蛋黃葵瓜子仁110gX10包
709BR020,(PARADISE GREEN)蒜片青豆280gX12包
813DA002,(外)鹹蛋黃葵瓜子仁110gX10包
115AH012,香瓜子210gX10包
115AH013,(軍)香瓜子250gX20包(新條碼)
115AH020,特級香瓜子(2025年版)190gX10包
115AH020Z,特級香瓜子(2025年版)Z 190gX10包
115AN002A,豐葵香瓜子-鹽炒原味165gX20包
115AN005,豐葵香瓜子-全天然原味110gX10包
115AN007,豐葵香瓜子-海鹽220gX10包
115AN008,霸豐葵海鹽香瓜子200gX10包
115AN009,豐葵香瓜子-海鹽150gX10包
115AP001,豐葵香瓜子-台灣烏龍茶220gX10包
115BG002,豐葵香瓜子-日月潭紅茶風味225gX20包
115BS001,豐葵香瓜子-桂圓紅棗風味180gX20包
115BS002,豐葵香瓜子-桂圓紅棗風味150gX10包
115BS004,豐葵香瓜子-桂圓紅棗風味220gX10包
115CF001,(魷魚遊戲2)豐葵香瓜子松露口味160gX10包
115CJ002A,豐葵香瓜子-焦糖風味(價格標)150gX10包
115CJ002Z,豐葵香瓜子-焦糖風味(價格標)Z-150gX10包
115CJ004,豐葵香瓜子-焦糖風味220gX10包
115CJ006,豐葵香瓜子-焦糖風味180gX20包
115CJ011,霸豐葵阿嬤滷味風味香瓜子-200gX10包
115CJ012,霸豐葵香瓜子-焦糖風味110gX10包
415AH001,香瓜子5斤X4包
415AN001,豐葵-海鹽香瓜子5斤X4包
415BG001,豐葵香瓜子-日月潭紅茶風味5斤X4包
415BS001,豐葵香瓜子(桂圓紅棗風味)5斤(3kg)X4包
415CJ002,焦糖香瓜子5斤X4包
815AH009,(外)香瓜子(糖精版)210gX10包
815AH009B,(外)香瓜子(蔗糖素版)210gX10包
815AH010,(外)香瓜子(糖精版)210gX20包
815AH010B,(外)香瓜子(蔗糖素版)210gX20包
815AN001,(外)霸豐葵海鹽香瓜子200gX10包
815AN002,(外)豐葵香瓜子-海鹽150gX10包
815BS001,(外)豐葵香瓜子-桂圓紅棗風味150gX20包
815BS002,(外)豐葵香瓜子-桂圓紅棗風味150gX10包
815CJ001,(外)焦糖味香瓜子(大陸繁體版)150gX20包
815CJ002,(外)豐葵香瓜子-焦糖風味150gX10包
815CJ003,(外)豐葵香瓜子-焦糖風味150gX20包
117AU003,自然果園-綜合(葡萄乾+蔓越莓)130gX10包
913AU019A,(半)鹹蛋黃葵瓜子仁110g/包(以包計)
913AU019B,(半)蔥蒜花生100g/包(以包計)
